{
  "train_loss": [
    0.29923129546189375,
    0.13522660387249547,
    0.09187643984603337,
    0.08744424406355651,
    0.04761199575412722,
    0.020610552252744593,
    0.01884120308606397,
    0.010482705635437498
  ],
  "val_loss": [
    0.3794944232648557,
    0.17313717023746386,
    0.30080090114125263,
    0.3381498793291079,
    0.11369751877075918,
    0.11675485834345087,
    0.11092611929183607,
    0.13675304354579598
  ],
  "train_acc": [
    0.8856598380181039,
    0.954263935264035,
    0.9690328726545864,
    0.9699857074797522,
    0.9842782275855059,
    0.993806574559314,
    0.9952358265840877,
    0.9971414959504526
  ],
  "val_acc": [
    0.8828828812719466,
    0.936936934252043,
    0.8918918940398071,
    0.8828828791240314,
    0.9639639645009428,
    0.9414414376825899,
    0.9549549511961035,
    0.9549549554919338
  ]
}