{
  "train_loss": [
    0.779837444611073,
    0.4655427775552803,
    0.4447570855624407,
    0.32026663000934735,
    0.2409904527480609,
    0.20470732328579677,
    0.21414285040567194,
    0.18690670780744315,
    0.10608421184868337,
    0.11670199865914516
  ],
  "val_loss": [
    0.8402864849782204,
    0.5390845725128243,
    0.5785595232302004,
    0.2481788518998,
    0.24696152382068806,
    0.2790648668735951,
    0.44203965137670703,
    0.15007194621605915,
    0.16162123591513247,
    0.18343119316541398
  ],
  "train_acc": [
    0.7006737249647917,
    0.8075072187087763,
    0.8257940329532422,
    0.8970163622880005,
    0.9133782493482999,
    0.9297401347449471,
    0.9114533214757257,
    0.9307025995704277,
    0.9682386910490857,
    0.9595765158806545
  ],
  "val_acc": [
    0.8198198294854379,
    0.8108108199394501,
    0.7792792792792793,
    0.9009009009009009,
    0.9279279327607369,
    0.9054054145340447,
    0.878378384285145,
    0.9504504552832594,
    0.954954959787764,
    0.9189189232147492
  ]
}