{
  "train_loss": [
<<<<<<< HEAD
    0.5100056294645887,
    0.2607700754208243,
    0.19476462718243415,
    0.16008474672800743,
    0.13463498338623603,
    0.10333881779467004,
    0.11473135730164163,
    0.11029795709653341,
    0.06050391773701895,
    0.027705212567476618,
    0.015121481295338109,
    0.014627948113454916,
    0.008271019468643545,
    0.009443923326556834,
    0.005638279229582318
  ],
  "val_loss": [
    0.5730852710989724,
    0.38216031304502907,
    0.3804542956099046,
    0.31565017332281686,
    0.3576358426856784,
    0.3690097534122456,
    0.3414514247558813,
    0.3861404882134062,
    0.11714869038721101,
    0.10099630976606787,
    0.11005134990158598,
    0.07742239107765192,
    0.07851617325888535,
    0.08378492821238737,
    0.07683933045616193
  ],
  "train_acc": [
    0.8037711728224932,
    0.9034835410293355,
    0.9312879515555234,
    0.9437519972718307,
    0.9485458614308828,
    0.9664429530201343,
    0.9619686802228292,
    0.9610099073186321,
    0.9798657718120806,
    0.9936081815276446,
    0.9955257270693513,
    0.9952061361457335,
    0.9968040907638223,
    0.9964844998402045,
    0.9984020453819111
  ],
  "val_acc": [
    0.8106194699760032,
    0.8637168147922617,
    0.8548672571646428,
    0.8814159294145297,
    0.8778761063001852,
    0.8902654872531385,
    0.886725664138794,
    0.8654867257692117,
    0.9522123894860259,
    0.9628318586180695,
    0.9628318585125746,
    0.9699115045302737,
    0.9681415931313438,
    0.9699115045302737,
    0.9716814160346985
=======
    0.779837444611073,
    0.4655427775552803,
    0.4447570855624407,
    0.32026663000934735,
    0.2409904527480609,
    0.20470732328579677,
    0.21414285040567194,
    0.18690670780744315,
    0.10608421184868337,
    0.11670199865914516
  ],
  "val_loss": [
    0.8402864849782204,
    0.5390845725128243,
    0.5785595232302004,
    0.2481788518998,
    0.24696152382068806,
    0.2790648668735951,
    0.44203965137670703,
    0.15007194621605915,
    0.16162123591513247,
    0.18343119316541398
  ],
  "train_acc": [
    0.7006737249647917,
    0.8075072187087763,
    0.8257940329532422,
    0.8970163622880005,
    0.9133782493482999,
    0.9297401347449471,
    0.9114533214757257,
    0.9307025995704277,
    0.9682386910490857,
    0.9595765158806545
  ],
  "val_acc": [
    0.8198198294854379,
    0.8108108199394501,
    0.7792792792792793,
    0.9009009009009009,
    0.9279279327607369,
    0.9054054145340447,
    0.878378384285145,
    0.9504504552832594,
    0.954954959787764,
    0.9189189232147492
>>>>>>> fba1c1e9aed7137b06bba214341674e6ab397b49
  ]
}