{
  "train_loss": [
    0.6071035804916929,
    0.3768024981574305,
    0.3237315230988283,
    0.2517323618657713,
    0.22501432237990102,
    0.16474291041955358,
    0.1088845716779245,
    0.08595390496171294,
    0.08802478384022973,
    0.06315225961157672,
    0.04203147675452731,
    0.03977316847745509,
    0.0313737064990051,
    0.030540876987545887,
    0.02262811384411733
  ],
  "val_loss": [
    0.48009718698737897,
    0.509886389707042,
    0.41136230050990014,
    0.657835854998732,
    0.6350501310508863,
    0.2108504758999411,
    0.1303024343025368,
    0.164170487594288,
    0.19966169184288093,
    0.12045306617443541,
    0.11404897098520161,
    0.12493072148181696,
    0.09205955325963751,
    0.08913391649195579,
    0.08675880847515258
  ],
  "train_acc": [
    0.754554170794897,
    0.8526685843074538,
    0.879514221796101,
    0.9066794503036114,
    0.913710450756546,
    0.9386385426653883,
    0.9626078617271808,
    0.9693192711612523,
    0.9677213165050652,
    0.9811441355065517,
    0.9868967719602295,
    0.9878555447310828,
    0.9904122722914669,
    0.9913710450623202,
    0.9948865450506738
  ],
  "val_acc": [
    0.8141592928793578,
    0.8176991154662275,
    0.8407079652347396,
    0.7929203542987857,
    0.7893805310789462,
    0.9256637169196542,
    0.9522123894860259,
    0.9380530974506277,
    0.9309734514329285,
    0.9646017700169993,
    0.9592920356092199,
    0.9557522124948755,
    0.968141592920354,
    0.9716814159292035,
    0.9716814160346985
  ]
}