{
  "train_loss": [
    0.5100056294645887,
    0.2607700754208243,
    0.19476462718243415,
    0.16008474672800743,
    0.13463498338623603,
    0.10333881779467004,
    0.11473135730164163,
    0.11029795709653341,
    0.06050391773701895,
    0.027705212567476618,
    0.015121481295338109,
    0.014627948113454916,
    0.008271019468643545,
    0.009443923326556834,
    0.005638279229582318
  ],
  "val_loss": [
    0.5730852710989724,
    0.38216031304502907,
    0.3804542956099046,
    0.31565017332281686,
    0.3576358426856784,
    0.3690097534122456,
    0.3414514247558813,
    0.3861404882134062,
    0.11714869038721101,
    0.10099630976606787,
    0.11005134990158598,
    0.07742239107765192,
    0.07851617325888535,
    0.08378492821238737,
    0.07683933045616193
  ],
  "train_acc": [
    0.8037711728224932,
    0.9034835410293355,
    0.9312879515555234,
    0.9437519972718307,
    0.9485458614308828,
    0.9664429530201343,
    0.9619686802228292,
    0.9610099073186321,
    0.9798657718120806,
    0.9936081815276446,
    0.9955257270693513,
    0.9952061361457335,
    0.9968040907638223,
    0.9964844998402045,
    0.9984020453819111
  ],
  "val_acc": [
    0.8106194699760032,
    0.8637168147922617,
    0.8548672571646428,
    0.8814159294145297,
    0.8778761063001852,
    0.8902654872531385,
    0.886725664138794,
    0.8654867257692117,
    0.9522123894860259,
    0.9628318586180695,
    0.9628318585125746,
    0.9699115045302737,
    0.9681415931313438,
    0.9699115045302737,
    0.9716814160346985
  ]
}