{
  "accuracy": 0.9842657342657343,
  "labels": [
    "metal",
    "others",
    "paper",
    "plastic"
  ],
  "classification_report": {
    "metal": {
      "precision": 0.9739130434782609,
      "recall": 0.9911504424778761,
      "f1-score": 0.9824561403508771,
      "support": 113.0
    },
    "others": {
      "precision": 0.9745222929936306,
      "recall": 0.9745222929936306,
      "f1-score": 0.9745222929936306,
      "support": 157.0
    },
    "paper": {
      "precision": 1.0,
      "recall": 0.9939393939393939,
      "f1-score": 0.9969604863221885,
      "support": 165.0
    },
    "plastic": {
      "precision": 0.9852941176470589,
      "recall": 0.9781021897810219,
      "f1-score": 0.9816849816849816,
      "support": 137.0
    },
    "accuracy": 0.9842657342657343,
    "macro avg": {
      "precision": 0.9834323635297376,
      "recall": 0.9844285797979806,
      "f1-score": 0.9839059753379195,
      "support": 572.0
    },
    "weighted avg": {
      "precision": 0.9843312378158926,
      "recall": 0.9842657342657343,
      "f1-score": 0.9842777388000922,
      "support": 572.0
    }
  },
  "confusion_matrix": [
    [
      112,
      1,
      0,
      0
    ],
    [
      2,
      153,
      0,
      2
    ],
    [
      0,
      1,
      164,
      0
    ],
    [
      1,
      2,
      0,
      134
    ]
  ]
}