{
  "classification_report": {
    "metal": {
      "precision": 0.9811320754716981,
      "recall": 0.8387096774193549,
      "f1-score": 0.9043478260869565,
      "support": 62.0
    },
    "paper": {
      "precision": 0.9782608695652174,
      "recall": 1.0,
      "f1-score": 0.989010989010989,
      "support": 90.0
    },
    "plastic": {
      "precision": 0.9,
      "recall": 0.9863013698630136,
      "f1-score": 0.9411764705882353,
      "support": 73.0
    },
    "accuracy": 0.9511111111111111,
    "macro avg": {
      "precision": 0.9531309816789718,
      "recall": 0.9416703490941228,
      "f1-score": 0.9448450952287271,
      "support": 225.0
    },
    "weighted avg": {
      "precision": 0.9536607419560659,
      "recall": 0.9511111111111111,
      "f1-score": 0.9501619403614288,
      "support": 225.0
    }
  },
  "confusion_matrix": [
    [
      52,
      2,
      8
    ],
    [
      0,
      90,
      0
    ],
    [
      1,
      0,
      72
    ]
  ]
}