{
  "accuracy": 0.9702797202797203,
  "labels": [
    "metal",
    "others",
    "paper",
    "plastic"
  ],
  "classification_report": {
    "metal": {
      "precision": 0.9826086956521739,
      "recall": 1.0,
      "f1-score": 0.9912280701754386,
      "support": 113.0
    },
    "others": {
      "precision": 0.9795918367346939,
      "recall": 0.9171974522292994,
      "f1-score": 0.9473684210526315,
      "support": 157.0
    },
    "paper": {
      "precision": 0.9879518072289156,
      "recall": 0.9939393939393939,
      "f1-score": 0.9909365558912386,
      "support": 165.0
    },
    "plastic": {
      "precision": 0.9305555555555556,
      "recall": 0.9781021897810219,
      "f1-score": 0.9537366548042705,
      "support": 137.0
    },
    "accuracy": 0.9702797202797203,
    "macro avg": {
      "precision": 0.9701769737928347,
      "recall": 0.9723097589874288,
      "f1-score": 0.9708174254808948,
      "support": 572.0
    },
    "weighted avg": {
      "precision": 0.9708546508390294,
      "recall": 0.9702797202797203,
      "f1-score": 0.9701259920722503,
      "support": 572.0
    }
  },
  "confusion_matrix": [
    [
      113,
      0,
      0,
      0
    ],
    [
      1,
      144,
      2,
      10
    ],
    [
      0,
      1,
      164,
      0
    ],
    [
      1,
      2,
      0,
      134
    ]
  ]
}