{
  "classification_report": {
    "metal": {
<<<<<<< HEAD
      "precision": 0.9661016949152542,
      "recall": 0.9193548387096774,
      "f1-score": 0.9421487603305785,
      "support": 62.0
    },
    "paper": {
      "precision": 0.9574468085106383,
      "recall": 1.0,
      "f1-score": 0.9782608695652174,
      "support": 90.0
    },
    "plastic": {
      "precision": 0.9444444444444444,
      "recall": 0.9315068493150684,
      "f1-score": 0.9379310344827586,
      "support": 73.0
    },
    "accuracy": 0.9555555555555556,
    "macro avg": {
      "precision": 0.9559976492901123,
      "recall": 0.9502872293415819,
      "f1-score": 0.9527802214595181,
      "support": 225.0
    },
    "weighted avg": {
      "precision": 0.9556131657562118,
      "recall": 0.9555555555555556,
      "f1-score": 0.955225186304919,
=======
      "precision": 0.9230769230769231,
      "recall": 0.967741935483871,
      "f1-score": 0.9448818897637795,
      "support": 62.0
    },
    "paper": {
      "precision": 0.9886363636363636,
      "recall": 0.9666666666666667,
      "f1-score": 0.9775280898876404,
      "support": 90.0
    },
    "plastic": {
      "precision": 0.9583333333333334,
      "recall": 0.9452054794520548,
      "f1-score": 0.9517241379310345,
      "support": 73.0
    },
    "accuracy": 0.96,
    "macro avg": {
      "precision": 0.9566822066822067,
      "recall": 0.9598713605341974,
      "f1-score": 0.9580447058608182,
      "support": 225.0
    },
    "weighted avg": {
      "precision": 0.9607394457394458,
      "recall": 0.96,
      "f1-score": 0.9601602992186999,
>>>>>>> e3250e4730da9544e4bd012789c9c4869bf00b54
      "support": 225.0
    }
  },
  "confusion_matrix": [
    [
<<<<<<< HEAD
      57,
      1,
      4
    ],
    [
      0,
      90,
      0
    ],
    [
      2,
      3,
      68
=======
      60,
      0,
      2
    ],
    [
      2,
      87,
      1
    ],
    [
      3,
      1,
      69
>>>>>>> e3250e4730da9544e4bd012789c9c4869bf00b54
    ]
  ]
}