{
  "classification_report": {
    "metal": {
      "precision": 0.9661016949152542,
      "recall": 0.9193548387096774,
      "f1-score": 0.9421487603305785,
      "support": 62.0
    },
    "paper": {
      "precision": 0.9574468085106383,
      "recall": 1.0,
      "f1-score": 0.9782608695652174,
      "support": 90.0
    },
    "plastic": {
      "precision": 0.9444444444444444,
      "recall": 0.9315068493150684,
      "f1-score": 0.9379310344827586,
      "support": 73.0
    },
    "accuracy": 0.9555555555555556,
    "macro avg": {
      "precision": 0.9559976492901123,
      "recall": 0.9502872293415819,
      "f1-score": 0.9527802214595181,
      "support": 225.0
    },
    "weighted avg": {
      "precision": 0.9556131657562118,
      "recall": 0.9555555555555556,
      "f1-score": 0.955225186304919,
      "support": 225.0
    }
  },
  "confusion_matrix": [
    [
      57,
      1,
      4
    ],
    [
      0,
      90,
      0
    ],
    [
      2,
      3,
      68
    ]
  ]
}