{
  "classification_report": {
    "metal": {
      "precision": 0.9230769230769231,
      "recall": 0.967741935483871,
      "f1-score": 0.9448818897637795,
      "support": 62.0
    },
    "paper": {
      "precision": 0.9886363636363636,
      "recall": 0.9666666666666667,
      "f1-score": 0.9775280898876404,
      "support": 90.0
    },
    "plastic": {
      "precision": 0.9583333333333334,
      "recall": 0.9452054794520548,
      "f1-score": 0.9517241379310345,
      "support": 73.0
    },
    "accuracy": 0.96,
    "macro avg": {
      "precision": 0.9566822066822067,
      "recall": 0.9598713605341974,
      "f1-score": 0.9580447058608182,
      "support": 225.0
    },
    "weighted avg": {
      "precision": 0.9607394457394458,
      "recall": 0.96,
      "f1-score": 0.9601602992186999,
      "support": 225.0
    }
  },
  "confusion_matrix": [
    [
      60,
      0,
      2
    ],
    [
      2,
      87,
      1
    ],
    [
      3,
      1,
      69
    ]
  ]
}