{
  "classification_report": {
    "metal": {
      "precision": 0.6,
      "recall": 1.0,
      "f1-score": 0.75,
      "support": 3.0
    },
    "paper": {
      "precision": 1.0,
      "recall": 0.6666666666666666,
      "f1-score": 0.8,
      "support": 3.0
    },
    "plastic": {
      "precision": 1.0,
      "recall": 0.6666666666666666,
      "f1-score": 0.8,
      "support": 3.0
    },
    "accuracy": 0.7777777777777778,
    "macro avg": {
      "precision": 0.8666666666666667,
      "recall": 0.7777777777777777,
      "f1-score": 0.7833333333333333,
      "support": 9.0
    },
    "weighted avg": {
      "precision": 0.8666666666666667,
      "recall": 0.7777777777777778,
      "f1-score": 0.7833333333333334,
      "support": 9.0
    }
  },
  "confusion_matrix": [
    [
      3,
      0,
      0
    ],
    [
      1,
      2,
      0
    ],
    [
      1,
      0,
      2
    ]
  ]
}